In,Heb,Eng,TAZ,Centrioid-X,Centrioid-Y
1,חולון,HOLON,2855,178926.4773,656788.1623
2,חולון,HOLON,2854,178891.9618,657312.2801
3,חולון,HOLON,2853,178471.412,656676.5592
4,חולון,HOLON,2852,178189.6834,657260.8124
5,חולון,HOLON,2847,178669.5722,657538.8503
6,חולון,HOLON,2848,178230.7588,657729.9452
7,חולון,HOLON,2872,179360.0962,655825.382
8,חולון,HOLON,2867,179372.0692,656715.0504
9,חולון,HOLON,2868,178858.5499,656078.8037
10,חולון,HOLON,2866,180068.4353,656426.0951
11,חולון,HOLON,2845,179461.3224,657301.4988
12,חולון,HOLON,2846,178991.1106,657554.1869
13,חולון,HOLON,2856,179953.9747,657152.54
14,חולון,HOLON,2831,179054.6585,658045.2944
15,חולון,HOLON,2844,179576.5048,657809.9278
16,חולון,HOLON,2842,180008.3136,657640.4461
17,ראשון לציון,RISHON LEZIYYON,5316,179290.955,654342.933
18,ראשון לציון,RISHON LEZIYYON,5307,179869.0787,654799.4326
19,ראשון לציון,RISHON LEZIYYON,5306,180469.8163,654780.9338
20,ראשון לציון,RISHON LEZIYYON,5317,180137.9817,654263.5696
21,ראשון לציון,RISHON LEZIYYON,5334,179924.8716,653438.479
22,ראשון לציון,RISHON LEZIYYON,5318,181017.1618,654286.2857
23,חולון,HOLON,2874,180742.5347,655643.2914
24,חולון,HOLON,2873,180008.2913,655704.7605
25,ראשון לציון,RISHON LEZIYYON,5308,179416.5314,654961.4323
26,ראשון לציון,RISHON LEZIYYON,5305,181651.3486,655202.426
27,חולון,HOLON,2861,180922.0386,656681.7698
28,חולון,HOLON,2857,180136.4317,656865.6371
29,חולון,HOLON,2841,180160.8574,657434.4032
30,חולון,HOLON,2859,180610.4271,657247.9723
31,חולון,HOLON,2858,180251.0447,657159.77
32,חולון,HOLON,2843,180125.4565,657737.0502
33,חולון,HOLON,2836,180171.6527,658030.0684
34,חולון,HOLON,2865,181065.2197,656285.5725
35,חולון,HOLON,2864,181885.7893,656273.3182
36,חולון,HOLON,2860,180755.2402,657178.6544
37,חולון,HOLON,2862,181380.011,657178.3956
38,חולון,HOLON,2840,180610.211,657835.123
39,חולון,HOLON,2837,180690.8143,658200.7416
40,חולון,HOLON,2829,178578.9877,658126.9184
41,חולון,HOLON,2828,178108.8312,658185.1609
42,חולון,HOLON,2830,178622.3137,658510.8514
43,חולון,HOLON,2824,178155.6408,658716.1251
44,חולון,HOLON,2822,178725.8644,658838.2549
45,חולון,HOLON,2812,178659.8526,659471.7085
46,חולון,HOLON,2821,178908.107,659279.4312
47,חולון,HOLON,2820,179115.3567,658749.1034
48,חולון,HOLON,2823,178433.3231,659258.7915
49,חולון,HOLON,2811,178224.6863,659441.0539
50,חולון,HOLON,2810,177929.8749,659733.4079
51,חולון,HOLON,2806,178601.0097,660083.4321
52,חולון,HOLON,2832,179088.7915,658457.8968
53,חולון,HOLON,2833,179371.1785,658144.3027
54,פתח תקווה,PETAH TIQWA,4015,190819.4495,667348.4928
55,פתח תקווה,PETAH TIQWA,4016,190417.2334,666951.3064
56,פתח תקווה,PETAH TIQWA,4037,191192.5678,666679.0395
57,פתח תקווה,PETAH TIQWA,4017,189906.302,667194.9752
58,פתח תקווה,PETAH TIQWA,4010,189219.8086,668125.435
59,פתח תקווה,PETAH TIQWA,4018,189301.4829,667384.0797
60,פתח תקווה,PETAH TIQWA,4020,188201.3519,666835.5702
61,פתח תקווה,PETAH TIQWA,4011,189717.1771,667859.9795
62,פתח תקווה,PETAH TIQWA,4013,190403.8361,668349.9116
63,פתח תקווה,PETAH TIQWA,4009,188766.2036,668147.1934
64,פתח תקווה,PETAH TIQWA,4002,189464.0643,668397.3864
65,פתח תקווה,PETAH TIQWA,4012,190166.064,667607.3399
66,פתח תקווה,PETAH TIQWA,4003,190571.9343,669405.8904
67,פתח תקווה,PETAH TIQWA,4004,191533.6504,669283.1091
68,פתח תקווה,PETAH TIQWA,4014,190886.5187,667772.87
69,פתח תקווה,PETAH TIQWA,4069,192068.1344,664280.703
70,פתח תקווה,PETAH TIQWA,4070,191448.4046,664626.4274
72,פתח תקווה,PETAH TIQWA,4071,190802.8584,664405.5987
73,פתח תקווה,PETAH TIQWA,4068,191475.2861,665009.6969
74,פתח תקווה,PETAH TIQWA,4067,190818.3032,665197.3157
75,פתח תקווה,PETAH TIQWA,4039,192188.531,665340.4854
76,כפר סיקרין,KEFAR SIRKIN,7012,193243.266,664809.0602
77,פתח תקווה,PETAH TIQWA,4040,191375.485,665865.2125
84,פתח תקווה,PETAH TIQWA,4041,190648.3219,665918.4754
85,פתח תקווה,PETAH TIQWA,4066,190251.3097,665036.057
86,פתח תקווה,PETAH TIQWA,4036,190515.6486,666517.8117
87,פתח תקווה,PETAH TIQWA,4038,191348.0965,666643.9621
90,נווה ירק,NEVE YARAK,7009,192746.0141,670841.4805
104,תל אביב -יפו,TEL AVIV - YAFO,1404,180565.7043,666835.8047
105,תל אביב -יפו,TEL AVIV - YAFO,1401,181156.1995,667138.5803
106,תל אביב -יפו,TEL AVIV - YAFO,1126,182400.0078,667594.4512
107,תל אביב -יפו,TEL AVIV - YAFO,1125,181286.1319,667859.4981
108,תל אביב -יפו,TEL AVIV - YAFO,1119,180794.3374,668350.613
109,תל אביב -יפו,TEL AVIV - YAFO,1124,180443.9752,667611.4093
110,תל אביב -יפו,TEL AVIV - YAFO,1120,180114.0235,668257.7423
111,תל אביב -יפו,TEL AVIV - YAFO,1114,180818.0785,668811.171
112,תל אביב -יפו,TEL AVIV - YAFO,1118,181259.2039,668380.3506
113,תל אביב -יפו,TEL AVIV - YAFO,1116,181809.4187,668868.4425
114,ראשון לציון,RISHON LEZIYYON,5319,181655.927,654012.4447
115,ראשון לציון,RISHON LEZIYYON,5301,182565.2396,656382.0655
116,חולון,HOLON,2863,182095.1756,657120.531
117,חולון,HOLON,2839,181530.1645,657664.6476
118,חולון,HOLON,2838,181923.5718,658055.2427
119,משמר השבעה,MISHMAR HASHIV'A,5003,183523.1303,657397.9566
120,ראשון לציון,RISHON LEZIYYON,5320,182417.2283,654287.5494
121,ראשון לציון,RISHON LEZIYYON,5304,183230.0393,655561.0941
122,בית דגן,BET DAGAN,5001,183832.1942,656509.8097
123,ראשון לציון,RISHON LEZIYYON,5322,183766.5831,654166.7592
125,גנות,GANNOT,5004,184200.0641,658091.2135
126,צפרייה,ZAFRIYYA,5005,186281.8414,656521.5733
128,חולון,HOLON,2814,180918.1965,658693.2352
129,חולון,HOLON,2813,181197.4871,658968.2865
130,אזור,AZOR,2704,182040.1389,658872.6693
131,אזור,AZOR,2703,182579.5445,658019.2297
132,אזור,AZOR,2702,181661.0138,659505.9787
133,אזור,AZOR,2701,180976.4344,659808.2986
134,חמד,HEMED,5002,184250.3528,658838.2209
136,אור יהודה,OR YEHUDA,2601,184595.4925,659925.3177
137,תל אביב -יפו,TEL AVIV - YAFO,1939,180718.2541,661297.1662
138,תל אביב -יפו,TEL AVIV - YAFO,1935,181627.0022,661332.1236
140,תל אביב -יפו,TEL AVIV - YAFO,1938,181718.4727,660960.6312
141,תל אביב -יפו,TEL AVIV - YAFO,1936,182047.174,661604.8081
142,תל אביב -יפו,TEL AVIV - YAFO,1937,182371.3273,661606.951
143,רמת גן,RAMAT GAN,2453,183540.5612,661464.263
144,רמת גן,RAMAT GAN,2454,184698.1901,661316.2045
145,רמת גן,RAMAT GAN,2450,184043.4713,662461.523
147,יגל,YAGEL,5008,188901.2121,654242.3856
148,אור יהודה,OR YEHUDA,2618,186587.2813,658645.7961
149,אור יהודה,OR YEHUDA,2613,186146.005,658911.0347
150,אור יהודה,OR YEHUDA,2612,185469.6307,659095.6793
151,רמת גן,RAMAT GAN,2456,186298.3805,661321.0785
152,רמת גן,RAMAT GAN,2458,186250.2489,660549.3247
166,רחובות,REHOVOT,5638,179511.7067,643202.842
168,רחובות,REHOVOT,5639,182034.4127,642184.9434
169,רחובות,REHOVOT,5619,178422.0424,644934.6734
170,רחובות,REHOVOT,5637,179765.785,643829.2442
171,רחובות,REHOVOT,5620,179355.5789,644444.2505
172,נס ציונה,NES ZIYYONA,5517,178576.9209,646018.142
173,רחובות,REHOVOT,5618,180346.7138,645071.894
174,נס ציונה,NES ZIYYONA,5516,180075.6651,646558.4819
176,רחובות,REHOVOT,5636,180496.3927,643803.8348
177,רחובות,REHOVOT,5635,181515.0958,643583.5609
178,רחובות,REHOVOT,5621,180984.1331,644527.2639
179,רחובות,REHOVOT,5602,181001.5982,646049.6993
183,ראשון לציון,RISHON LEZIYYON,5312,174780.4896,655848.6965
184,ראשון לציון,RISHON LEZIYYON,5339,176373.8006,653621.1541
185,ראשון לציון,RISHON LEZIYYON,5338,177689.9438,652790.1127
186,ראשון לציון,RISHON LEZIYYON,5370,178593.5021,651147.3437
187,נס ציונה,NES ZIYYONA,5512,179595.3146,647946.0068
188,נס ציונה,NES ZIYYONA,5513,180119.4898,647559.7061
189,נס ציונה,NES ZIYYONA,5502,179490.4094,649078.5129
190,נס ציונה,NES ZIYYONA,5510,180741.9166,648307.3174
191,נס ציונה,NES ZIYYONA,5511,180270.0647,648206.21
192,נס ציונה,NES ZIYYONA,5514,181423.3304,647600.3453
193,נס ציונה,NES ZIYYONA,5503,180123.2702,648941.1609
194,ראשון לציון,RISHON LEZIYYON,5371,180386.4185,650439.1238
195,נס ציונה,NES ZIYYONA,5501,180586.7612,649636.0409
196,נס ציונה,NES ZIYYONA,5504,180836.8938,648949.3224
197,נס ציונה,NES ZIYYONA,5505,181445.6031,649357.3084
198,ראשון לציון,RISHON LEZIYYON,5340,178440.8222,652136.1473
199,ראשון לציון,RISHON LEZIYYON,5341,179311.8123,652312.2243
200,ראשון לציון,RISHON LEZIYYON,5342,180256.4023,652239.0335
201,ראשון לציון,RISHON LEZIYYON,5337,178836.704,652770.081
202,ראשון לציון,RISHON LEZIYYON,5336,179243.7869,653524.524
203,ראשון לציון,RISHON LEZIYYON,5314,178343.1322,653632.8967
204,ראשון לציון,RISHON LEZIYYON,5313,177587.68,654410.6454
205,ראשון לציון,RISHON LEZIYYON,5315,178594.1203,654042.8517
206,ראשון לציון,RISHON LEZIYYON,5335,179643.9758,652863.1602
207,ראשון לציון,RISHON LEZIYYON,5333,180543.2241,652885.9809
208,ראשון לציון,RISHON LEZIYYON,5369,180575.7987,651258.8773
209,ראשון לציון,RISHON LEZIYYON,5343,180312.5946,651878.4254
210,ראשון לציון,RISHON LEZIYYON,5368,180950.4178,651570.0599
211,ראשון לציון,RISHON LEZIYYON,5367,181582.9037,651597.529
212,ראשון לציון,RISHON LEZIYYON,5346,181023.5965,652074.5561
213,ראשון לציון,RISHON LEZIYYON,5344,180856.8829,652312.932
214,ראשון לציון,RISHON LEZIYYON,5347,181070.1183,651850.3836
215,ראשון לציון,RISHON LEZIYYON,5345,180994.6733,652603.9432
216,ראשון לציון,RISHON LEZIYYON,5348,181358.923,652330.1233
217,ראשון לציון,RISHON LEZIYYON,5330,181329.4947,652880.5804
218,ראשון לציון,RISHON LEZIYYON,5331,181158.5176,653392.312
219,ראשון לציון,RISHON LEZIYYON,5332,180680.1511,653497.3534
220,קריית עקרון,QIRYAT EQRON,5644,182447.6973,641012.0729
221,קריית עקרון,KIRYAT EKRON,5645,183397.2211,640506.7371
223,רחובות,REHOVOT,5641,182654.4742,642070.3086
224,קריית עקרון,KIRYAT EKRON,5643,182902.1202,641351.8554
225,רחובות,REHOVOT,5633,182266.9327,643116.2176
226,רחובות,REHOVOT,5640,182334.8585,642641.9698
228,קריית עקרון,KIRYAT EKRON,5642,183544.5681,641208.5867
229,רחובות,REHOVOT,5630,183668.5061,643936.7869
230,רחובות,REHOVOT,5631,183253.9519,643321.5244
231,רחובות,REHOVOT,5629,183968.6579,643520.9756
232,רחובות,REHOVOT,5632,182698.4013,643928.1864
269,יהוד,YEHUD,4510,189182.8266,659043.5157
270,אור יהודה,OR YEHUDA,2617,187978.1025,658726.5764
275,נס ציונה,NES ZIYYONA,5515,181552.1078,647066.1922
276,נס ציונה,NES ZIYYONA,5509,181253.5438,648249.9785
277,נס ציונה,NES ZIYYONA,5508,181721.4501,648150.6539
278,נס ציונה,NES ZIYYONA,5507,182535.5755,648328.3331
279,רחובות,REHOVOT,5601,182231.2219,646883.8333
280,ראשון לציון,RISHON LEZIYYON,5372,181539.9076,650557.3223
281,נס ציונה,NES ZIYYONA,5506,182287.2037,649175.1398
282,ראשון לציון,RISHON LEZIYYON,5373,182285.6953,650597.3374
285,רמלה,RAMLA,5215,185600.8464,647987.5378
286,באר יעקב,BE'ER YA'AQOV,5407,183779.7819,649276.0382
287,ראשון לציון,RISHON LEZIYYON,5366,181744.8421,651158.6944
288,ראשון לציון,RISHON LEZIYYON,5350,181767.4298,651873.4933
289,ראשון לציון,RISHON LEZIYYON,5365,182189.6728,651573.6779
290,ראשון לציון,RISHON LEZIYYON,5349,181711.5789,652419.0807
291,ראשון לציון,RISHON LEZIYYON,5351,182066.3109,652431.1958
292,ראשון לציון,RISHON LEZIYYON,5364,182296.4846,650891.3177
293,ראשון לציון,RISHON LEZIYYON,5353,182499.9766,652050.7095
294,ראשון לציון,RISHON LEZIYYON,5352,182117.766,651972.9217
295,ראשון לציון,RISHON LEZIYYON,5355,182786.5398,651819.9149
296,ראשון לציון,RISHON LEZIYYON,5363,182958.4364,650872.7462
297,ראשון לציון,RISHON LEZIYYON,5328,181761.5518,652922.6699
298,ראשון לציון,RISHON LEZIYYON,5329,181575.4165,653226.5311
299,ראשון לציון,RISHON LEZIYYON,5326,182406.8184,652927.1875
300,ראשון לציון,RISHON LEZIYYON,5327,182040.36,652934.7313
301,ראשון לציון,RISHON LEZIYYON,5354,182508.6072,652608.1217
302,ראשון לציון,RISHON LEZIYYON,5324,182760.8077,652421.2516
303,ראשון לציון,RISHON LEZIYYON,5325,182597.2364,653278.7971
304,ראשון לציון,RISHON LEZIYYON,5361,183800.4188,650993.0879
305,ראשון לציון,RISHON LEZIYYON,5362,183395.9932,651763.1687
306,ראשון לציון,RISHON LEZIYYON,5356,183458.0636,652550.5115
307,ראשון לציון,RISHON LEZIYYON,5323,184353.7698,653382.8421
308,באר יעקב,BE'ER YA'AQOV,5406,184873.2528,649740.2397
309,ראשון לציון,RISHON LEZIYYON,5360,184312.6248,651613.739
310,ראשון לציון,RISHON LEZIYYON,5357,184244.2338,652316.7923
313,באר יעקב,BE'ER YA'AQOV,5401,185258.9522,652485.229
314,ראשון לציון,RISHON LEZIYYON,5321,183109.4509,654284.8434
315,רמלה,RAMLA,5213,186562.8948,648474.0888
316,רמלה,RAMLA,5216,186145.2276,648109.6128
317,רמלה,RAMLA,5224,186521.6989,647543.7544
318,באר יעקב,BE'ER YA'AQOV,5404,186027.5225,650206.687
319,רמלה,RAMLA,5214,186006.65,648853.2445
320,רמלה,RAMLA,5217,187152.716,647662.9471
321,רמלה,RAMLA,5202,186450.9179,649176.1532
322,רמלה,RAMLA,5211,187152.6445,648420.2054
323,רמלה,RAMLA,5218,187764.3919,647732.6276
324,רמלה,RAMLA,5223,187951.9676,647105.5733
325,רמלה,RAMLA,5204,187335.2906,649091.3588
326,רמלה,RAMLA,5212,187008.2101,648740.0213
327,רמלה,RAMLA,5203,186844.7659,649115.5661
328,רמלה,RAMLA,5210,187434.2379,648455.2033
329,רמלה,RAMLA,5201,186974.6182,649568.3561
330,באר יעקב,BE'ER YA'AQOV,5403,186000.3132,651515.1572
331,ניר צבי,NIR ZEVI,5009,187282.5992,651013.819
332,רמלה,RAMLA,5205,187663.6356,649406.1814
333,רמלה,RAMLA,5209,188114.7532,648593.5298
338,רמלה,RAMLA,5220,188563.7689,647749.8574
343,רמלה,RAMLA,5219,187998.5792,648055.1894
344,רמלה,RAMLA,5207,188822.6675,649062.1102
345,רמלה,RAMLA,5221,188772.0462,648024.7769
346,רמלה,RAMLA,5222,189777.1848,647606.6826
347,לוד,LOD,5109,188810.7221,651014.4358
348,רמלה,RAMLA,5206,188365.4556,649373.7542
349,לוד,LOD,5121,189307.8682,650025.0685
350,לוד,LOD,5122,189855.8721,649654.4325
351,רמלה,RAMLA,5208,189157.5195,648584.072
352,לוד,LOD,5119,188396.1067,650282.2834
353,לוד,LOD,5120,188647.6034,650058.6371
354,לוד,LOD,5118,189191.1006,650571.0963
355,לוד,LOD,5117,189676.0707,650450.8014
356,לוד,LOD,5110,189204.4387,650916.9926
357,לוד,LOD,5116,190260.279,650378.7044
358,לוד,LOD,5112,189827.3593,650905.1675
359,לוד,LOD,5123,190780.9364,649860.4925
360,לוד,LOD,5115,190885.2093,650801.4227
361,לוד,LOD,5113,190478.647,651202.9241
362,לוד,LOD,5108,188204.9975,651142.9191
363,לוד,LOD,5102,188525.8568,652292.7505
364,לוד,LOD,5107,188970.4827,651860.7231
365,לוד,LOD,5103,189638.6493,652024.4336
366,לוד,LOD,5106,190128.1436,651908.3892
367,לוד,LOD,5101,191729.9244,652621.8761
368,לוד,LOD,5111,189602.304,651352.4309
369,לוד,LOD,5104,190369.942,652634.7601
370,לוד,LOD,5105,190804.82,651934.0276
372,לוד,LOD,5114,190787.8005,651332.2116
397,ראשון לציון,RISHON LEZIYYON,5302,175537.9602,656156.8024
398,ראשון לציון,RISHON LEZIYYON,5311,176567.6343,654830.1609
399,בת ים,BAT YAM,2942,176799.8341,656506.8363
400,בת ים,BAT YAM,2943,175611.9977,656629.5478
401,בת ים,BAT YAM,2939,175160.255,657205.0286
402,בת ים,BAT YAM,2938,175599.4163,657346.3851
403,בת ים,BAT YAM,2926,175382.7468,658117.1493
404,בת ים,BAT YAM,2927,175613.3498,657891.0461
405,בת ים,BAT YAM,2941,177076.212,657088.5581
406,בת ים,BAT YAM,2940,176626.4882,656965.681
407,בת ים,BAT YAM,2936,176258.8161,657299.7931
408,בת ים,BAT YAM,2937,175912.8965,657367.2426
409,בת ים,BAT YAM,2928,175851.6235,657821.4947
410,בת ים,BAT YAM,2929,176074.9294,657719.743
411,בת ים,BAT YAM,2930,176337.262,657886.4111
412,בת ים,BAT YAM,2920,176555.1585,658272.9489
413,ראשון לציון,RISHON LEZIYYON,5303,176774.5491,655493.4221
414,ראשון לציון,RISHON LEZIYYON,5310,177656.3037,655405.8331
415,חולון,HOLON,2871,177593.7104,656136.6402
416,חולון,HOLON,2850,177286.2161,656916.5835
417,בת ים,BAT YAM,2935,176763.4927,657347.9049
418,בת ים,BAT YAM,2931,176944.216,657771.3112
419,בת ים,BAT YAM,2932,177195.2475,657859.426
420,בת ים,BAT YAM,2934,177514.5767,657738.3467
421,בת ים,BAT YAM,2933,177367.2718,657645.8039
422,חולון,HOLON,2870,178021.4577,656240.5759
423,חולון,HOLON,2869,178520.0818,655970.3205
424,בת ים,BAT YAM,2903,176149.4702,659410.527
425,בת ים,BAT YAM,2906,176809.162,659300.6275
426,בת ים,BAT YAM,2908,176419.6094,659064.2887
427,בת ים,BAT YAM,2904,176920.9194,659733.7445
428,תל אביב -יפו,TEL AVIV - YAFO,1722,176370.0245,660007.1903
429,בת ים,BAT YAM,2918,177450.9993,658682.5169
430,בת ים,BAT YAM,2905,177304.6555,659368.6527
431,חולון,HOLON,2849,177753.6243,657530.5552
432,חולון,HOLON,2827,177756.8633,658161.7361
433,חולון,HOLON,2826,177760.316,658637.0031
434,חולון,HOLON,2825,177865.6059,658894.2062
435,חולון,HOLON,2809,177831.1775,659299.3249
436,חולון,HOLON,2807,177627.8508,660045.2941
437,תל אביב -יפו,TEL AVIV - YAFO,1724,176837.9441,659971.7359
438,תל אביב -יפו,TEL AVIV - YAFO,1720,176405.5902,660779.5144
439,תל אביב -יפו,TEL AVIV - YAFO,1723,176677.6948,660413.2021
440,תל אביב -יפו,TEL AVIV - YAFO,1721,176140.433,660352.7041
441,תל אביב -יפו,TEL AVIV - YAFO,1725,177189.2952,660322.3432
442,תל אביב -יפו,TEL AVIV - YAFO,1718,176855.0246,660827.1963
443,תל אביב -יפו,TEL AVIV - YAFO,1708,176617.1117,661597.0081
444,תל אביב -יפו,TEL AVIV - YAFO,1717,176988.742,661295.8232
445,תל אביב -יפו,TEL AVIV - YAFO,1709,177068.4336,661721.4284
446,תל אביב -יפו,TEL AVIV - YAFO,1716,177400.9506,660659.5911
447,תל אביב -יפו,TEL AVIV - YAFO,1719,176493.9326,661166.8209
448,חולון,HOLON,2808,177828.036,660316.5599
449,תל אביב -יפו,TEL AVIV - YAFO,1726,177764.6154,660568.1369
450,תל אביב -יפו,TEL AVIV - YAFO,1710,177552.6076,661638.0326
451,תל אביב -יפו,TEL AVIV - YAFO,1705,177074.2858,662106.8654
452,תל אביב -יפו,TEL AVIV - YAFO,1703,177670.3472,662158.9641
453,תל אביב -יפו,TEL AVIV - YAFO,1715,178020.4874,660773.4923
454,תל אביב -יפו,TEL AVIV - YAFO,1714,178109.1674,661119.4479
455,תל אביב -יפו,TEL AVIV - YAFO,1711,177945.9994,661455.8915
456,ראשון לציון,RISHON LEZIYYON,5309,178367.5297,655140.6919
457,חולון,HOLON,2851,177818.2292,656759.8186
458,רחובות,REHOVOT,5623,181955.2173,644310.489
459,רחובות,REHOVOT,5622,181811.5566,644685.262
460,רחובות,REHOVOT,5615,181616.3363,645202.7984
461,רחובות,REHOVOT,5614,181783.9659,644966.1504
462,רחובות,REHOVOT,5634,182202.9629,643768.587
463,רחובות,REHOVOT,5627,183451.1196,644329.5501
464,רחובות,REHOVOT,5624,182511.4089,644593.9542
465,רחובות,REHOVOT,5625,182954.8265,644698.8641
466,רחובות,REHOVOT,5611,182403.6727,645026.4528
467,רחובות,REHOVOT,5612,182317.1828,645335.4045
468,רחובות,REHOVOT,5610,182784.0224,645362.4855
469,רחובות,REHOVOT,5617,181358.0597,645406.5275
470,רחובות,REHOVOT,5616,181369.4842,645807.1213
471,רחובות,REHOVOT,5613,182247.9701,645628.4776
472,רחובות,REHOVOT,5603,181999.7105,646095.5187
473,רחובות,REHOVOT,5626,183391.3332,644804.9661
474,רחובות,REHOVOT,5628,184277.5268,644763.575
475,רחובות,REHOVOT,5609,183234.8642,645463.7888
476,רחובות,REHOVOT,5604,182783.8063,646209.9106
477,רחובות,REHOVOT,5606,183605.6561,646675.9289
478,רחובות,REHOVOT,5608,184028.3051,645662.3508
479,רחובות,REHOVOT,5605,183199.4018,646023.4138
480,רחובות,REHOVOT,5607,185027.283,645705.9452
569,כפר סבא,KEFAR SAVA,3118,191604.0767,676364.9175
570,כפר סבא,KEFAR SAVA,3115,190781.0317,676083.0628
571,כפר סבא,KEFAR SAVA,3117,191514.728,675897.4222
572,כפר סבא,KEFAR SAVA,3113,189846.5346,676154.5837
573,כפר סבא,KEFAR SAVA,3114,190260.9366,676475.908
574,כפר סבא,KEFAR SAVA,3116,190821.4876,676496.4486
575,כפר סבא,KEFAR SAVA,3110,191188.247,676619.8747
576,כפר סבא,KEFAR SAVA,3130,191257.9788,675467.4902
577,כפר סבא,KEFAR SAVA,3129,191520.3558,675429.1309
578,הוד השרון,HOD HASHARON,3301,190935.2382,674871.0629
579,כפר סבא,KEFAR SAVA,3131,190949.0833,675736.0028
580,כפר סבא,KEFAR SAVA,3126,192243.3808,675282.5151
581,הוד השרון,HOD HASHARON,3308,191749.5899,674425.2728
582,כפר סבא,KEFAR SAVA,3136,192897.401,674987.9004
583,כפר סבא,KEFAR SAVA,3127,192139.7956,675725.2135
584,כפר סבא,KEFAR SAVA,3128,191788.4517,675386.3611
585,הוד השרון,HOD HASHARON,3310,192581.558,673766.9473
586,כפר סבא,KEFAR SAVA,3137,193682.8954,674401.4653
587,אלישמע,ELISHAMA,7006,193418.6876,673254.015
590,הוד השרון,HOD HASHARON,3309,192219.8563,674476.8367
591,כפר סבא,KEFAR SAVA,3121,192839.6147,676010.4414
592,כפר סבא,KEFAR SAVA,3119,192222.6054,676012.2923
593,כפר סבא,KEFAR SAVA,3120,192306.4147,676320.6799
594,כפר סבא,KEFAR SAVA,3122,193537.3394,675818.6095
595,כפר סבא,KEFAR SAVA,3107,193066.8972,676867.165
596,כפר סבא,KEFAR SAVA,3125,194705.3897,676472.4419
597,רעננה,RA'ANNANA,3023,186698.205,676385.3149
598,רעננה,RA'ANNANA,3025,187466.5823,676129.7968
599,רעננה,RA'ANNANA,3024,186801.3621,675738.754
600,רעננה,RA'ANNANA,3013,186936.574,677188.9215
601,רעננה,RA'ANNANA,3022,187630.2095,676682.0015
602,רעננה,RA'ANNANA,3027,188153.0025,676189.127
603,רעננה,RA'ANNANA,3026,188039.3946,675800.5351
604,רעננה,RA'ANNANA,3021,188064.0842,676737.5069
605,רעננה,RA'ANNANA,3014,187735.7954,677049.6617
606,רעננה,RA'ANNANA,3016,188931.4513,677239.9371
607,רעננה,RA'ANNANA,3015,187836.3773,677466.6845
608,רעננה,RA'ANNANA,3008,187769.845,678040.8941
609,רעננה,RA'ANNANA,3007,188219.4641,678092.3071
610,רעננה,RA'ANNANA,3020,188297.6735,676697.4822
611,רעננה,RA'ANNANA,3019,188542.5575,676613.1355
612,רעננה,RA'ANNANA,3018,188800.641,676591.199
613,רעננה,RA'ANNANA,3005,188947.823,677838.0301
614,רעננה,RA'ANNANA,3006,188824.7147,678282.9182
615,רעננה,RA'ANNANA,3003,187442.6295,678904.5576
617,רעננה,RA'ANNANA,3001,188994.1293,678969.1254
618,רעננה,RA'ANNANA,3017,189274.6244,676453.7692
619,כפר סבא,KEFAR SAVA,3112,190018.7865,677063.06
620,הוד השרון,HOD HASHARON,3324,190173.1787,670975.929
621,הוד השרון,HOD HASHARON,3319,190698.4005,671675.8186
622,עדנים,ADANIM,7008,191722.5407,671893.7577
623,הוד השרון,HOD HASHARON,3316,187417.6362,672395.7871
624,רמות השבים,RAMOT HASHAVIM,3204,187863.5646,673835.4384
625,הרצלייה,HERZLIYYA,2035,186641.3566,673771.1154
626,הרצלייה,HERZLIYYA,2034,186738.1672,674480.9603
627,גבעת חן,GIV'AT HEN,3201,188349.5183,674951.2049
628,רמות השבים,RAMOT HASHAVIM,3202,189405.1222,674932.9506
629,הוד השרון,HOD HASHARON,3302,188679.0626,673923.3113
630,הוד השרון,HOD HASHARON,3315,188863.3358,673028.8507
631,הוד השרון,HOD HASHARON,3314,189993.4454,673321.0376
632,הוד השרון,HOD HASHARON,3317,189753.7377,672419.6277
633,הוד השרון,HOD HASHARON,3320,188659.6825,671772.1992
634,הוד השרון,HOD HASHARON,3303,189523.624,674051.4178
635,רעננה,RA'ANNANA,3031,187519.3292,675470.9506
636,הרצלייה,HERZLIYYA,2011,186881.6311,675095.5108
637,רעננה,RA'ANNANA,3028,188649.5798,675959.124
638,רעננה,RA'ANNANA,3029,189035.1464,675719.6568
639,הוד השרון,HOD HASHARON,3304,190027.2341,674140.2121
640,הוד השרון,HOD HASHARON,3305,190517.3651,674103.3178
641,הוד השרון,HOD HASHARON,3313,190527.8678,673485.3961
642,הוד השרון,HOD HASHARON,3318,190451.3453,672606.7597
643,ירקונה,YARQONA,7007,190818.9256,672592.3332
644,כפר מלל,KEFAR MALAL,3203,190221.8899,674922.0717
645,הוד השרון,HOD HASHARON,3312,190918.8751,673734.8312
646,הוד השרון,HOD HASHARON,3306,190984.6222,674250.8142
647,רעננה,RA'ANNANA,3030,189561.6261,675656.4239
648,כפר סבא,KEFAR SAVA,3135,189856.8066,675545.0491
649,כפר סבא,KEFAR SAVA,3133,190500.1995,675682.8237
650,כפר סבא,KEFAR SAVA,3134,190175.4132,675744.706
651,כפר סבא,KEFAR SAVA,3132,190830.1846,675451.6148
652,הוד השרון,HOD HASHARON,3311,191750.0292,673420.2161
655,הוד השרון,HOD HASHARON,3307,191610.52,674086.843
676,רמת השרון,RAMAT HASHARON,2127,187442.7886,668909.4616
677,פתח תקווה,PETAH TIQWA,4005,187815.9327,669083.1784
678,פתח תקווה,PETAH TIQWA,4001,188954.5061,671973.4132
679,הוד השרון,HOD HASHARON,3323,189329.5152,672087.2167
680,הוד השרון,HOD HASHARON,3322,188149.997,671384.6444
681,הוד השרון,HOD HASHARON,3321,187607.9012,670970.2232
682,כפר סבא,KEFAR SAVA,3111,190613.5633,676914.6712
683,כפר סבא,KEFAR SAVA,3101,189982.6123,678035.6455
684,כפר סבא,KEFAR SAVA,3102,190676.712,677474.3862
685,רעננה,RA'ANNANA,3004,189348.1188,678577.8088
689,כפר סבא,KEFAR SAVA,3108,191953.6498,676701.0461
690,כפר סבא,KEFAR SAVA,3103,192085.0779,677312.5457
691,כפר סבא,KEFAR SAVA,3109,191424.6522,677164.5272
693,כפר סבא,KEFAR SAVA,3106,194230.9295,677196.7659
694,כפר סבא,KEFAR SAVA,3123,193708.0588,676286.7088
708,אור יהודה,OR YEHUDA,2602,185421.536,659857.7689
709,אור יהודה,OR YEHUDA,2604,185932.4458,659700.609
710,רמת גן,RAMAT GAN,2455,185543.4007,661564.5269
711,רמת גן,RAMAT GAN,2448,186059.6219,662131.9155
712,אור יהודה,OR YEHUDA,2615,187148.7962,658692.0191
713,אור יהודה,OR YEHUDA,2614,186596.6218,659082.1196
714,אור יהודה,OR YEHUDA,2610,186903.3219,659550.5428
715,אור יהודה,OR YEHUDA,2611,186179.1642,659258.5681
716,אור יהודה,OR YEHUDA,2616,187682.756,659083.8926
717,אור יהודה,OR YEHUDA,2609,187240.212,659369.27
718,אור יהודה,OR YEHUDA,2608,187498.6829,659461.292
719,אור יהודה,OR YEHUDA,2607,187433.4707,659843.7162
720,אור יהודה,OR YEHUDA,2606,187256.0478,659747.4672
721,אור יהודה,OR YEHUDA,2605,186639.4474,659972.8758
722,אור יהודה,OR YEHUDA,2603,186052.0323,660073.8073
723,רמת גן,RAMAT GAN,2457,187192.6603,661120.825
724,קריית אונו,QIRYAT ONO,2508,186737.5348,661897.9557
725,קריית אונו,QIRYAT ONO,2511,187255.2791,660401.8343
727,יהוד,YEHUD,4509,188282.0111,659619.0862
728,קריית אונו,QIRYAT ONO,2510,187489.6773,662044.1637
729,סביון,SAVYION,4401,188545.4711,661623.5752
730,תל אביב -יפו,TEL AVIV - YAFO,1934,181549.3398,661681.3873
731,תל אביב -יפו,TEL AVIV - YAFO,1933,180852.5309,661837.4753
732,תל אביב -יפו,TEL AVIV - YAFO,1925,181514.9835,662093.588
733,תל אביב -יפו,TEL AVIV - YAFO,1927,180877.7492,662486.7614
734,תל אביב -יפו,TEL AVIV - YAFO,1924,181531.5529,662511.0332
735,תל אביב -יפו,TEL AVIV - YAFO,1923,181912.2108,662093.0048
736,תל אביב -יפו,TEL AVIV - YAFO,1921,182165.482,662214.9431
737,תל אביב -יפו,TEL AVIV - YAFO,1916,181464.0159,662786.4069
738,תל אביב -יפו,TEL AVIV - YAFO,1914,180900.1542,662792.4052
739,תל אביב -יפו,TEL AVIV - YAFO,1913,180879.8982,663204.334
740,תל אביב -יפו,TEL AVIV - YAFO,1915,181448.3709,663200.0913
741,תל אביב -יפו,TEL AVIV - YAFO,1908,180847.8839,663528.0376
742,תל אביב -יפו,TEL AVIV - YAFO,1922,182120.4722,662741.399
743,תל אביב -יפו,TEL AVIV - YAFO,1918,181784.2045,662926.8272
744,תל אביב -יפו,TEL AVIV - YAFO,1917,181653.0162,663456.9317
745,תל אביב -יפו,TEL AVIV - YAFO,1919,181993.9657,663060.5657
746,גבעתיים,GIV'ATAYIM,2314,181988.0432,663401.8011
747,גבעתיים,GIV'ATAYIM,2315,182346.7734,663242.2462
748,גבעתיים,GIV'ATAYIM,2313,181609.7184,663799.8589
749,גבעתיים,GIV'ATAYIM,2309,181838.053,663955.5927
750,תל אביב -יפו,TEL AVIV - YAFO,1920,182277.6726,662316.6644
751,רמת גן,RAMAT GAN,2452,182886.231,661915.6981
752,גבעתיים,GIV'ATAYIM,2312,182407.629,663809.7429
753,גבעתיים,GIV'ATAYIM,2317,182765.5299,663306.2671
754,רמת גן,RAMAT GAN,2441,182575.6586,662610.3317
755,רמת גן,RAMAT GAN,2442,183326.2411,662792.6108
756,רמת גן,RAMAT GAN,2451,183243.6295,662452.8
757,כפר סבא,KEFAR SAVA,3124,194135.7668,676436.0048
758,כפר סבא,KEFAR SAVA,3105,195034.0862,677101.8697
759,כפר סבא,KEFAR SAVA,3104,195653.582,676900.0865
790,פתח תקווה,PETAH TIQWA,4063,189648.8925,665228.1719
791,פתח תקווה,PETAH TIQWA,4062,189392.9623,665125.2053
792,פתח תקווה,PETAH TIQWA,4064,189721.1093,664642.7892
793,פתח תקווה,PETAH TIQWA,4061,189345.0711,664557.7315
794,פתח תקווה,PETAH TIQWA,4045,189553.0987,665594.0605
795,פתח תקווה,PETAH TIQWA,4065,190070.2328,664629.9108
796,מעש,MA'AS,4301,189449.5379,663416.5783
797,פתח תקווה,PETAH TIQWA,4043,190033.5089,665536.6569
798,פתח תקווה,PETAH TIQWA,4072,190395.7541,664469.4282
799,פתח תקווה,PETAH TIQWA,4075,190455.6977,663153.5162
800,פתח תקווה,PETAH TIQWA,4021,187509.8463,666938.8357
801,פתח תקווה,PETAH TIQWA,4052,187814.2623,665931.1017
802,פתח תקווה,PETAH TIQWA,4051,188149.136,666028.3814
803,פתח תקווה,PETAH TIQWA,4029,187352.856,666176.5482
804,פתח תקווה,PETAH TIQWA,4028,186789.37,666141.5417
805,פתח תקווה,PETAH TIQWA,4022,187150.8277,667484.1222
806,פתח תקווה,PETAH TIQWA,4056,187686.9135,665119.0596
807,פתח תקווה,PETAH TIQWA,4050,188162.7405,665424.0305
808,פתח תקווה,PETAH TIQWA,4060,188968.6094,665279.7539
809,פתח תקווה,PETAH TIQWA,4058,188143.6524,665240.613
810,פתח תקווה,PETAH TIQWA,4049,188501.0698,665836.7291
811,פתח תקווה,PETAH TIQWA,4030,188482.2889,666273.2542
812,פתח תקווה,PETAH TIQWA,4048,188870.5707,665812.0509
813,פתח תקווה,PETAH TIQWA,4031,188900.678,666129.2356
814,פתח תקווה,PETAH TIQWA,4046,189324.0812,666062.0498
815,פתח תקווה,PETAH TIQWA,4047,189280.3113,665583.7878
816,פתח תקווה,PETAH TIQWA,4007,188042.0144,667829.3444
817,פתח תקווה,PETAH TIQWA,4008,188426.5371,667817.6475
818,פתח תקווה,PETAH TIQWA,4019,189061.8713,666999.078
819,פתח תקווה,PETAH TIQWA,4006,186789.142,668151.5912
820,פתח תקווה,PETAH TIQWA,4032,189037.9516,666386.8834
821,פתח תקווה,PETAH TIQWA,4033,189569.5662,666636.9436
822,פתח תקווה,PETAH TIQWA,4044,189843.6321,665896.8829
823,פתח תקווה,PETAH TIQWA,4034,189733.1114,666231.601
824,פתח תקווה,PETAH TIQWA,4035,190005.769,666368.6464
825,פתח תקווה,PETAH TIQWA,4042,190328.4376,665992.6358
826,יהוד,YEHUD,4508,188756.0816,660010.0896
827,יהוד,YEHUD,4506,189646.8644,659697.6027
828,יהוד,YEHUD,4501,189521.7152,660693.3383
829,מגשימים,MAGSHIMIM,4302,190566.7195,661597.512
830,יהוד,YEHUD,4503,190085.2969,660379.2931
831,יהוד,YEHUD,4505,190276.4209,659572.9355
832,יהוד,YEHUD,4507,189166.4331,659949.6479
833,יהוד,YEHUD,4502,189680.1373,660344.3466
834,יהוד,YEHUD,4504,190955.932,659444.7115
836,בני עטרות,BENE ATAROT,7506,191973.8942,658598.4918
837,גני תקווה,GANNE TIQWA,4204,187761.1974,662741.5953
838,גני תקווה,GANNE TIQWA,4202,188565.3115,663017.5736
839,קריית אונו,QIRYAT ONO,2504,187372.8255,663116.2908
840,גני תקווה,GANNE TIQWA,4203,187753.4335,663129.8484
841,גני תקווה,GANNE TIQWA,4201,188032.4628,663735.7794
842,פתח תקווה,PETAH TIQWA,4073,188528.4733,664388.1499
843,פתח תקווה,PETAH TIQWA,4057,188170.1478,664845.9295
844,פתח תקווה,PETAH TIQWA,4059,188728.6348,664786.677
845,גבעת שמואל,GIV'AT SHEMU'EL,4104,186148.4373,664358.0795
846,גבעת שמואל,GIV'AT SHEMU'EL,4106,185733.794,663958.367
847,קריית אונו,QIRYAT ONO,2502,186268.561,663592.1119
848,בני ברק,BENE BERAQ,2235,185077.7735,665120.1512
849,בני ברק,BENE BERAQ,2236,185300.4427,665045.612
850,בני ברק,BENE BERAQ,2224,185352.5318,665405.3277
851,גבעת שמואל,GIV'AT SHEMU'EL,4102,185762.4189,665250.7517
852,גבעת שמואל,GIV'AT SHEMU'EL,4103,185746.9455,664765.3907
853,בני ברק,BENE BERAQ,2237,185090.1726,664569.533
854,רמת גן,RAMAT GAN,2434,185577.0055,664415.522
855,בני ברק,BENE BERAQ,2223,185383.2022,665880.95
856,גבעת שמואל,GIV'AT SHEMU'EL,4101,186046.8553,665726.7186
857,קריית אונו,QIRYAT ONO,2507,186542.4236,662574.3528
858,קריית אונו,QIRYAT ONO,2503,186392.9857,663116.3173
859,קריית אונו,QIRYAT ONO,2505,187063.1717,662820.5736
860,קריית אונו,QIRYAT ONO,2506,187071.7459,662186.4247
861,קריית אונו,QIRYAT ONO,2501,187290.9377,663770.0296
862,קריית אונו,QIRYAT ONO,2509,187142.4707,661824.7044
863,פתח תקווה,PETAH TIQWA,4074,187114.7431,664634.4338
864,גבעת שמואל,GIV'AT SHEMU'EL,4105,186693.2906,664689.9551
865,פתח תקווה,PETAH TIQWA,4054,186750.4695,665456.7426
866,פתח תקווה,PETAH TIQWA,4053,187301.2098,665618.11
867,פתח תקווה,PETAH TIQWA,4055,187436.0955,665045.9
868,בני ברק,BENE BERAQ,2220,184281.7361,666233.7826
869,בני ברק,BENE BERAQ,2227,184445.9284,665581.2841
870,בני ברק,BENE BERAQ,2228,184101.1517,665639.03
871,בני ברק,BENE BERAQ,2221,184714.5051,666017.6103
872,בני ברק,BENE BERAQ,2216,184652.8163,666419.8037
873,בני ברק,BENE BERAQ,2234,184805.4238,665325.4473
874,בני ברק,BENE BERAQ,2232,184373.6229,665036.9439
875,בני ברק,BENE BERAQ,2226,184858.8709,665633.877
876,בני ברק,BENE BERAQ,2222,185130.2253,666031.7252
877,בני ברק,BENE BERAQ,2214,185261.2052,666380.3715
878,בני ברק,BENE BERAQ,2212,184289.2615,666936.4785
879,בני ברק,BENE BERAQ,2215,184869.5558,666416.9581
880,בני ברק,BENE BERAQ,2213,185037.354,666792.978
881,בני ברק,BENE BERAQ,2207,184656.297,667299.8298
882,בני ברק,BENE BERAQ,2225,185239.4372,665633.4784
883,פתח תקווה,PETAH TIQWA,4024,185911.6889,667175.6626
884,בני ברק,BENE BERAQ,2208,184224.847,667335.4689
885,בני ברק,BENE BERAQ,2203,184693.9525,667850.1689
886,בני ברק,BENE BERAQ,2202,184161.3506,667779.9225
887,תל אביב -יפו,TEL AVIV - YAFO,1216,184638.0691,668262.5458
888,בני ברק,BENE BERAQ,2206,185123.6393,667102.0748
889,תל אביב -יפו,TEL AVIV - YAFO,1219,183293.5179,668070.2913
890,תל אביב -יפו,TEL AVIV - YAFO,1217,184441.0906,668565.6247
891,תל אביב -יפו,TEL AVIV - YAFO,1211,184005.7016,668728.2591
892,תל אביב -יפו,TEL AVIV - YAFO,1213,184737.0418,669108.6475
893,תל אביב -יפו,TEL AVIV - YAFO,1214,185162.4661,668651.3266
894,בני ברק,BENE BERAQ,2201,185406.2482,667944.1256
895,בני ברק,BENE BERAQ,2205,185170.5526,667437.8082
896,בני ברק,BENE BERAQ,2204,185514.1172,667231.3957
897,פתח תקווה,PETAH TIQWA,4025,185969.0419,666352.0701
898,פתח תקווה,PETAH TIQWA,4026,186436.8138,666138.4372
899,פתח תקווה,PETAH TIQWA,4027,186775.1006,666799.1275
900,פתח תקווה,PETAH TIQWA,4023,186389.0587,666995.8896
901,תל אביב -יפו,TEL AVIV - YAFO,1215,185722.2165,668983.6837
902,תל אביב -יפו,TEL AVIV - YAFO,1112,179631.0308,669073.3534
903,תל אביב -יפו,TEL AVIV - YAFO,1121,179321.0913,667710.0347
904,תל אביב -יפו,TEL AVIV - YAFO,1111,180346.3236,669439.8511
905,תל אביב -יפו,TEL AVIV - YAFO,1103,180223.3354,671049.6047
906,תל אביב -יפו,TEL AVIV - YAFO,1113,180760.3096,669280.5779
907,תל אביב -יפו,TEL AVIV - YAFO,1115,181172.777,669190.8573
908,תל אביב -יפו,TEL AVIV - YAFO,1110,181116.6782,669706.3874
909,תל אביב -יפו,TEL AVIV - YAFO,1104,180436.9541,670701.7978
910,תל אביב -יפו,TEL AVIV - YAFO,1105,181151.0956,670099.5946
911,תל אביב -יפו,TEL AVIV - YAFO,1106,181294.6103,670546.5078
912,תל אביב -יפו,TEL AVIV - YAFO,1101,180694.5203,672173.8063
913,תל אביב -יפו,TEL AVIV - YAFO,1102,180950.1802,671618.3682
914,הרצלייה,HERZLIYYA,2045,180950.6018,673173.4231
915,תל אביב -יפו,TEL AVIV - YAFO,1109,181828.6259,669578.3085
916,תל אביב -יפו,TEL AVIV - YAFO,1108,181892.6017,669907.756
946,הרצלייה,HERZLIYYA,2019,183635.3279,675440.1264
947,הרצלייה,HERZLIYYA,2041,183726.6999,674307.9166
948,גליל ים,GELIL YAM,2048,183878.4981,673694.81
949,הרצלייה,HERZLIYYA,2042,183005.7727,673687.4811
950,הרצלייה,HERZLIYYA,2005,181968.8161,677308.8278
951,הרצלייה,HERZLIYYA,2020,182939.4707,675370.3038
952,הרצלייה,HERZLIYYA,2022,182359.9335,675428.5107
953,כפר שמריהו,KEFAR SHEMARYAHU,2002,183292.3425,677042.9785
954,כפר שמריהו,KEFAR SHEMARYAHU,2001,183792.2289,677361.5196
955,הרצלייה,HERZLIYYA,2043,182618.4619,674346.365
956,הרצלייה,HERZLIYYA,2028,183702.3261,674779.6313
957,הרצלייה,HERZLIYYA,2029,184257.5394,674706.9979
958,הרצלייה,HERZLIYYA,2018,184371.7991,675420.2544
959,תל אביב -יפו,TEL AVIV - YAFO,1204,185022.334,669300.0756
960,תל אביב -יפו,TEL AVIV - YAFO,1205,184693.305,669952.9091
961,תל אביב -יפו,TEL AVIV - YAFO,1203,185316.1719,669566.4462
962,תל אביב -יפו,TEL AVIV - YAFO,1212,184056.4138,669306.1641
963,תל אביב -יפו,TEL AVIV - YAFO,1206,183945.0076,669915.6845
964,תל אביב -יפו,TEL AVIV - YAFO,1202,184252.6266,670452.3324
965,רמת השרון,RAMAT HASHARON,2119,184803.8917,670723.6775
966,רמת השרון,RAMAT HASHARON,2126,185789.8245,670105.3557
967,רמת השרון,RAMAT HASHARON,2124,187158.5019,670565.97
968,רמת השרון,RAMAT HASHARON,2112,183677.714,671701.7712
969,רמת השרון,RAMAT HASHARON,2118,183750.192,671195.5127
970,רמת השרון,RAMAT HASHARON,2111,184584.2799,672172.6861
971,רמת השרון,RAMAT HASHARON,2113,183897.6538,672321.9989
972,רמת השרון,RAMAT HASHARON,2103,184177.6772,673081.9696
973,רמת השרון,RAMAT HASHARON,2110,184941.8299,671792.3355
974,רמת השרון,RAMAT HASHARON,2120,185273.8911,671221.9894
975,רמת השרון,RAMAT HASHARON,2109,185145.2978,672233.0978
976,רמת השרון,RAMAT HASHARON,2104,184877.9212,672983.972
977,רמת השרון,RAMAT HASHARON,2106,185631.7987,672357.7732
978,רמת השרון,RAMAT HASHARON,2122,186524.2144,671153.3108
979,רמת השרון,RAMAT HASHARON,2121,186111.6397,670628.8156
980,רמת השרון,RAMAT HASHARON,2125,187009.4386,670649.4477
981,רמת השרון,RAMAT HASHARON,2108,185610.4024,671832.4664
982,רמת השרון,RAMAT HASHARON,2107,185784.449,672277.0297
983,רמת השרון,RAMAT HASHARON,2123,186996.2649,671061.3153
984,הרצלייה,HERZLIYYA,2039,184915.1783,673564.1476
985,הרצלייה,HERZLIYYA,2040,184953.2909,674036.3111
986,רמת השרון,RAMAT HASHARON,2105,185315.6703,672760.0404
987,הרצלייה,HERZLIYYA,2037,185855.2345,673362.163
988,הרצלייה,HERZLIYYA,2038,185681.0006,673847.1208
989,הרצלייה,HERZLIYYA,2030,184604.6957,674794.7906
990,הרצלייה,HERZLIYYA,2031,184948.8291,674638.5863
991,הרצלייה,HERZLIYYA,2032,185141.9369,674421.5795
992,הרצלייה,HERZLIYYA,2033,185803.1418,674409.9403
993,הרצלייה,HERZLIYYA,2016,185127.996,675152.6338
994,הרצלייה,HERZLIYYA,2017,184885.1372,675407.7361
995,הרצלייה,HERZLIYYA,2008,185560.0787,675800.4609
996,הרצלייה,HERZLIYYA,2006,184585.2073,675931.0696
997,הרצלייה,HERZLIYYA,2007,184665.0056,676263.4758
998,הרצלייה,HERZLIYYA,2013,185797.3288,674790.4333
999,הרצלייה,HERZLIYYA,2015,185749.1747,675031.5636
1000,הרצלייה,HERZLIYYA,2010,186412.4007,675826.5927
1001,הרצלייה,HERZLIYYA,2012,185842.2742,675231.7495
1002,הרצלייה,HERZLIYYA,2014,185749.1907,675490.7718
1003,הרצלייה,HERZLIYYA,2036,186507.6567,673151.88
1005,הרצלייה,HERZLIYYA,2009,185625.675,676267.1024
1006,הרצלייה,HERZLIYYA,2024,181227.9024,675111.3487
1007,הרצלייה,HERZLIYYA,2003,182394.4063,678032.399
1009,הרצלייה,HERZLIYYA,2004,184839.4493,676861.9252
1010,רעננה,RA'ANNANA,3011,185417.5397,677019.0997
1011,רעננה,RA'ANNANA,3012,185945.9947,677435.4831
1012,רעננה,RA'ANNANA,3010,186176.9686,678133.6945
1013,רעננה,RA'ANNANA,3002,186252.966,678821.8241
1014,רעננה,RA'ANNANA,3009,187174.8697,678044.9791
1058,רמת גן,RAMAT GAN,2402,182553.6576,666859.6754
1059,רמת גן,RAMAT GAN,2404,183239.9207,666721.7006
1060,רמת גן,RAMAT GAN,2401,183625.9023,667573.6492
1061,רמת גן,RAMAT GAN,2405,182979.4521,666505.9475
1062,בני ברק,BENE BERAQ,2219,183523.8319,666200.722
1063,בני ברק,BENE BERAQ,2210,183543.5301,666726.724
1064,בני ברק,BENE BERAQ,2209,183666.354,667132.0454
1065,רמת גן,RAMAT GAN,2420,183172.9323,665592.6153
1066,בני ברק,BENE BERAQ,2218,183566.7637,666077.7637
1067,רמת גן,RAMAT GAN,2403,183258.8791,666133.0184
1068,רמת גן,RAMAT GAN,2421,183534.1181,665691.1375
1069,בני ברק,BENE BERAQ,2229,183883.3442,665800.3598
1070,בני ברק,BENE BERAQ,2217,183921.1723,666305.7837
1071,בני ברק,BENE BERAQ,2230,184023.3392,665335.2352
1072,רמת גן,RAMAT GAN,2430,183749.927,664583.4572
1073,בני ברק,BENE BERAQ,2211,183960.2484,666736.9061
1074,תל אביב -יפו,TEL AVIV - YAFO,1220,183217.2313,668567.8038
1075,תל אביב -יפו,TEL AVIV - YAFO,1218,183376.9234,668300.4293
1076,רמת גן,RAMAT GAN,2445,184953.3635,663204.7009
1077,רמת גן,RAMAT GAN,2436,184396.8876,663346.7665
1078,רמת גן,RAMAT GAN,2435,184767.7978,663785.736
1079,רמת גן,RAMAT GAN,2446,185224.1577,662658.8685
1080,רמת גן,RAMAT GAN,2449,185522.9822,662353.8061
1081,רמת גן,RAMAT GAN,2447,185885.5877,662626.6174
1082,רמת גן,RAMAT GAN,2431,184126.0579,664327.2061
1083,רמת גן,RAMAT GAN,2433,184544.6465,664028.1305
1084,בני ברק,BENE BERAQ,2240,184995.7044,664220.3223
1085,בני ברק,BENE BERAQ,2239,184572.4189,664555.4353
1086,רמת גן,RAMAT GAN,2432,184145.8649,664647.8359
1087,בני ברק,BENE BERAQ,2233,184598.1035,664997.5829
1088,בני ברק,BENE BERAQ,2238,184891.7195,664853.0887
1089,רמת גן,RAMAT GAN,2429,183658.4597,664026.437
1090,רמת גן,RAMAT GAN,2422,183550.0406,664905.1913
1091,רמת גן,RAMAT GAN,2423,183429.0859,665383.8946
1092,בני ברק,BENE BERAQ,2231,184074.2254,664954.0345
1093,תל אביב -יפו,TEL AVIV - YAFO,1414,180949.3981,665551.8767
1094,רמת גן,RAMAT GAN,2411,181391.0301,665646.1381
1095,רמת גן,RAMAT GAN,2410,181354.2551,665960.9876
1096,גבעתיים,GIV'ATAYIM,2301,181362.9884,665344.9902
1097,רמת גן,RAMAT GAN,2414,182007.8927,665461.9881
1098,רמת גן,RAMAT GAN,2426,181653.3319,665348.7465
1099,גבעתיים,GIV'ATAYIM,2302,181647.1052,664943.0157
1100,רמת גן,RAMAT GAN,2427,181456.3777,665296.0294
1101,רמת גן,RAMAT GAN,2413,181817.723,665747.652
1102,תל אביב -יפו,TEL AVIV - YAFO,1413,181057.915,666162.8158
1103,רמת גן,RAMAT GAN,2412,181607.2189,666024.0289
1104,רמת גן,RAMAT GAN,2409,181616.1854,666404.4668
1105,רמת גן,RAMAT GAN,2415,182054.9948,665973.4709
1106,רמת גן,RAMAT GAN,2408,181980.5181,666309.8588
1107,תל אביב -יפו,TEL AVIV - YAFO,1403,181128.9466,666699.5996
1108,תל אביב -יפו,TEL AVIV - YAFO,1402,181748.157,666989.3773
1109,רמת גן,RAMAT GAN,2416,182355.0876,665473.2481
1110,רמת גן,RAMAT GAN,2425,182730.7041,665381.0662
1111,רמת גן,RAMAT GAN,2417,182552.434,665897.0256
1112,גבעתיים,GIV'ATAYIM,2303,182397.0148,664956.5608
1113,רמת גן,RAMAT GAN,2407,182378.3798,666217.5815
1114,רמת גן,RAMAT GAN,2406,182683.4012,666373.942
1115,תל אביב -יפו,TEL AVIV - YAFO,1117,182172.9857,668236.2384
1116,תל אביב -יפו,TEL AVIV - YAFO,1122,179915.151,667237.5242
1117,רמת גן,RAMAT GAN,2419,182933.5729,665558.5399
1118,רמת גן,RAMAT GAN,2418,182909.6774,665976.7992
1119,גבעתיים,GIV'ATAYIM,2304,182927.9195,665008.8692
1120,תל אביב -יפו,TEL AVIV - YAFO,1107,181929.5302,670401.5361
1121,רמת השרון,RAMAT HASHARON,2116,181546.7019,671063.8782
1122,תל אביב -יפו,TEL AVIV - YAFO,1209,182591.5906,669017.8355
1123,תל אביב -יפו,TEL AVIV - YAFO,1208,182765.0322,669847.35
1124,רמת השרון,RAMAT HASHARON,2117,182758.3014,670884.6646
1125,רמת השרון,RAMAT HASHARON,2115,181793.3078,671609.9966
1126,רמת השרון,RAMAT HASHARON,2102,181949.5835,672357.6141
1127,רמת השרון,RAMAT HASHARON,2114,182675.2674,672033.0387
1128,תל אביב -יפו,TEL AVIV - YAFO,1210,183274.9868,669123.0582
1129,תל אביב -יפו,TEL AVIV - YAFO,1207,183420.7667,669592.8355
1130,תל אביב -יפו,TEL AVIV - YAFO,1201,183534.4077,670638.8156
1131,גליל ים,GELIL YAM,2047,182946.5908,672680.895
1132,הרצלייה,HERZLIYYA,2046,181484.2394,672983.7826
1133,הרצלייה,HERZLIYYA,2025,181694.779,674384.6997
1134,הרצלייה,HERZLIYYA,2044,181825.8193,673738.3601
1135,הרצלייה,HERZLIYYA,2026,182022.3559,674157.476
1136,רמת השרון,RAMAT HASHARON,2101,181984.0705,672763.3894
1137,הרצלייה,HERZLIYYA,2023,181819.6526,675560.8069
1138,הרצלייה,HERZLIYYA,2027,182239.1583,674551.2378
1139,הרצלייה,HERZLIYYA,2021,182423.3959,674891.5613
1140,גבעתיים,GIV'ATAYIM,2316,182643.3705,663028.5915
1141,רמת גן,RAMAT GAN,2440,183045.155,663811.7061
1142,רמת גן,RAMAT GAN,2439,183525.2611,663366.9903
1143,תל אביב -יפו,TEL AVIV - YAFO,1907,181079.9717,663923.3777
1144,תל אביב -יפו,TEL AVIV - YAFO,1905,181379.0786,663559.7502
1145,תל אביב -יפו,TEL AVIV - YAFO,1906,181331.8575,663936.7372
1146,תל אביב -יפו,TEL AVIV - YAFO,1903,181037.2017,664500.7316
1147,גבעתיים,GIV'ATAYIM,2308,181737.4587,664253.4874
1148,תל אביב -יפו,TEL AVIV - YAFO,1901,181173.7556,664983.5959
1149,תל אביב -יפו,TEL AVIV - YAFO,1904,181076.0592,664739.6683
1150,גבעתיים,GIV'ATAYIM,2307,181708.3439,664550.5637
1151,גבעתיים,GIV'ATAYIM,2311,182675.5524,664252.6082
1152,גבעתיים,GIV'ATAYIM,2310,182252.3237,664194.5959
1153,גבעתיים,GIV'ATAYIM,2306,182279.1119,664626.7545
1154,גבעתיים,GIV'ATAYIM,2305,182755.7252,664674.0404
1155,רמת גן,RAMAT GAN,2443,183582.8715,663100.7588
1156,רמת גן,RAMAT GAN,2444,184296.2429,662996.4748
1157,רמת גן,RAMAT GAN,2438,183597.4366,663670.6897
1158,רמת גן,RAMAT GAN,2437,184153.0859,663761.5658
1159,רמת גן,RAMAT GAN,2428,183304.8256,664422.4598
1160,רמת גן,RAMAT GAN,2424,183266.008,664897.9904
1161,תל אביב -יפו,TEL AVIV - YAFO,1516,178483.2619,663930.7159
1162,תל אביב -יפו,TEL AVIV - YAFO,1514,178608.5142,663988.3206
1163,תל אביב -יפו,TEL AVIV - YAFO,1518,178309.7882,663834.3841
1164,תל אביב -יפו,TEL AVIV - YAFO,1504,178490.9043,664398.8726
1165,תל אביב -יפו,TEL AVIV - YAFO,1510,178859.4004,664152.991
1166,תל אביב -יפו,TEL AVIV - YAFO,1503,178374.5938,664754.6403
1167,תל אביב -יפו,TEL AVIV - YAFO,1502,178119.7372,664796.5906
1168,תל אביב -יפו,TEL AVIV - YAFO,1501,178115.309,664403.3839
1169,תל אביב -יפו,TEL AVIV - YAFO,1519,178197.7396,664053.5169
1170,תל אביב -יפו,TEL AVIV - YAFO,1327,178283.8669,665154.1479
1171,תל אביב -יפו,TEL AVIV - YAFO,1325,178463.2279,665100.1568
1172,תל אביב -יפו,TEL AVIV - YAFO,1505,178696.6791,664571.0394
1173,תל אביב -יפו,TEL AVIV - YAFO,1506,179003.6991,664371.4293
1174,תל אביב -יפו,TEL AVIV - YAFO,1328,178893.5887,664794.9214
1175,תל אביב -יפו,TEL AVIV - YAFO,1320,178892.5082,665045.2098
1176,תל אביב -יפו,TEL AVIV - YAFO,1330,179290.9591,664497.708
1177,תל אביב -יפו,TEL AVIV - YAFO,1322,178660.6515,665029.2802
1178,תל אביב -יפו,TEL AVIV - YAFO,1323,178628.5504,665359.203
1179,תל אביב -יפו,TEL AVIV - YAFO,1509,178991.6121,663824.3349
1180,תל אביב -יפו,TEL AVIV - YAFO,1512,178779.2545,663614.1525
1181,תל אביב -יפו,TEL AVIV - YAFO,1513,178678.1242,663774.9419
1182,תל אביב -יפו,TEL AVIV - YAFO,1511,178816.7794,663883.6927
1183,תל אביב -יפו,TEL AVIV - YAFO,1526,178886.6217,663369.5655
1184,תל אביב -יפו,TEL AVIV - YAFO,1508,179076.6468,663750.2509
1185,תל אביב -יפו,TEL AVIV - YAFO,1507,179313.5691,664149.1955
1186,תל אביב -יפו,TEL AVIV - YAFO,1611,179394.4713,663639.7711
1187,תל אביב -יפו,TEL AVIV - YAFO,1527,179024.758,663253.5587
1188,תל אביב -יפו,TEL AVIV - YAFO,1610,179554.6554,663937.2207
1189,תל אביב -יפו,TEL AVIV - YAFO,1603,179728.5531,664315.3488
1190,תל אביב -יפו,TEL AVIV - YAFO,1602,179674.2438,664649.7898
1191,תל אביב -יפו,TEL AVIV - YAFO,1329,179290.2655,664704.9684
1192,תל אביב -יפו,TEL AVIV - YAFO,1317,179145.4774,665075.9208
1193,תל אביב -יפו,TEL AVIV - YAFO,1315,179345.2447,664975.5508
1194,תל אביב -יפו,TEL AVIV - YAFO,1316,179298.8681,665330.2565
1195,תל אביב -יפו,TEL AVIV - YAFO,1420,179713.5202,665060.6032
1196,תל אביב -יפו,TEL AVIV - YAFO,1421,179672.5762,665600.6979
1197,תל אביב -יפו,TEL AVIV - YAFO,1817,179724.7695,661818.298
1198,תל אביב -יפו,TEL AVIV - YAFO,1931,180094.0158,661930.53
1199,תל אביב -יפו,TEL AVIV - YAFO,1806,179758.423,662408.5417
1200,תל אביב -יפו,TEL AVIV - YAFO,1932,180414.5578,661830.4932
1201,תל אביב -יפו,TEL AVIV - YAFO,1930,180095.4574,662234.6222
1202,תל אביב -יפו,TEL AVIV - YAFO,1929,180185.2909,662529.659
1203,תל אביב -יפו,TEL AVIV - YAFO,1805,179703.748,662724.8099
1204,תל אביב -יפו,TEL AVIV - YAFO,1613,180005.7185,663323.8949
1205,תל אביב -יפו,TEL AVIV - YAFO,1612,179668.2982,663368.898
1206,תל אביב -יפו,TEL AVIV - YAFO,1912,180298.114,663209.5466
1207,תל אביב -יפו,TEL AVIV - YAFO,1911,180227.1816,662813.6026
1208,תל אביב -יפו,TEL AVIV - YAFO,1928,180671.441,662200.2238
1209,תל אביב -יפו,TEL AVIV - YAFO,1521,177740.035,663656.0569
1210,תל אביב -יפו,TEL AVIV - YAFO,1524,178103.8626,663351.0619
1211,תל אביב -יפו,TEL AVIV - YAFO,1523,177738.5166,662985.1646
1212,תל אביב -יפו,TEL AVIV - YAFO,1522,177436.0696,663061.481
1213,תל אביב -יפו,TEL AVIV - YAFO,1520,177915.6754,664235.4176
1214,תל אביב -יפו,TEL AVIV - YAFO,1816,179128.9312,661872.2017
1215,תל אביב -יפו,TEL AVIV - YAFO,1810,178710.0594,662107.6271
1216,תל אביב -יפו,TEL AVIV - YAFO,1814,178577.5892,661597.9434
1217,תל אביב -יפו,TEL AVIV - YAFO,1811,178568.3294,662303.5862
1218,תל אביב -יפו,TEL AVIV - YAFO,1701,178186.3359,662333.0701
1219,תל אביב -יפו,TEL AVIV - YAFO,1813,178331.3347,662644.9781
1220,תל אביב -יפו,TEL AVIV - YAFO,1702,177841.2816,662642.7529
1221,תל אביב -יפו,TEL AVIV - YAFO,1801,178314.6469,662932.6997
1222,תל אביב -יפו,TEL AVIV - YAFO,1525,178541.3942,663319.4314
1223,תל אביב -יפו,TEL AVIV - YAFO,1802,178628.4753,662984.0007
1224,תל אביב -יפו,TEL AVIV - YAFO,1812,178612.661,662699.8909
1225,תל אביב -יפו,TEL AVIV - YAFO,1809,178821.5609,662619.7249
1226,תל אביב -יפו,TEL AVIV - YAFO,1803,178960.6654,662927.6731
1227,תל אביב -יפו,TEL AVIV - YAFO,1807,179407.0242,662417.5914
1228,תל אביב -יפו,TEL AVIV - YAFO,1815,178928.1867,661218.7356
1229,תל אביב -יפו,TEL AVIV - YAFO,1808,179197.6649,662201.279
1230,תל אביב -יפו,TEL AVIV - YAFO,1818,179388.4411,661168.0139
1231,תל אביב -יפו,TEL AVIV - YAFO,1804,179350.9156,663033.8064
1232,תל אביב -יפו,TEL AVIV - YAFO,1517,178478.1818,663677.1257
1233,תל אביב -יפו,TEL AVIV - YAFO,1515,178502.327,663528.9875
1234,חולון,HOLON,2834,179522.4674,658408.4063
1235,חולון,HOLON,2816,179551.2092,659000.9988
1236,חולון,HOLON,2817,179474.8196,658769.6457
1237,חולון,HOLON,2819,179154.1674,659223.2774
1238,מקווה ישראל,MIQWE YISRA'EL,2801,179754.1474,659732.4233
1239,חולון,HOLON,2818,179472.9882,659290.9532
1240,תל אביב -יפו,TEL AVIV - YAFO,1727,178445.0933,660369.6467
1241,תל אביב -יפו,TEL AVIV - YAFO,1713,178690.0554,660694.3901
1242,תל אביב -יפו,TEL AVIV - YAFO,1712,178144.1382,661871.2646
1243,חולון,HOLON,2835,179773.0701,658560.072
1244,חולון,HOLON,2815,180246.127,658740.5051
1246,תל אביב -יפו,TEL AVIV - YAFO,1707,176259.7182,661418.9811
1247,תל אביב -יפו,TEL AVIV - YAFO,1706,176670.1955,662228.0949
1248,תל אביב -יפו,TEL AVIV - YAFO,1704,177264.2411,662501.6302
1249,בת ים,BAT YAM,2925,175615.0075,658418.8473
1250,בת ים,BAT YAM,2924,175810.7051,658217.775
1251,בת ים,BAT YAM,2911,175697.5172,658702.6352
1252,בת ים,BAT YAM,2910,175770.342,659074.144
1253,בת ים,BAT YAM,2902,175808.2246,659692.4267
1254,בת ים,BAT YAM,2923,176012.9647,658101.3632
1255,בת ים,BAT YAM,2922,176189.3889,658063.2435
1256,בת ים,BAT YAM,2912,176016.2851,658459.8622
1257,בת ים,BAT YAM,2909,176098.2712,659077.7359
1258,בת ים,BAT YAM,2921,176278.5728,658352.0717
1259,בת ים,BAT YAM,2919,176807.8572,658309.926
1260,בת ים,BAT YAM,2914,176332.0228,658592.1483
1261,בת ים,BAT YAM,2913,176287.2779,658824.3231
1262,בת ים,BAT YAM,2901,176155.8668,659738.0748
1263,בת ים,BAT YAM,2915,176738.8511,658685.1394
1264,בת ים,BAT YAM,2916,177051.6581,658479.7946
1265,בת ים,BAT YAM,2917,177272.2935,658441.2883
1266,בת ים,BAT YAM,2907,176740.2797,659049.0802
1267,תל אביב -יפו,TEL AVIV - YAFO,1926,181070.5068,662137.0578
1268,תל אביב -יפו,TEL AVIV - YAFO,1609,179821.3303,663965.0119
1269,תל אביב -יפו,TEL AVIV - YAFO,1604,180097.5392,664334.6535
1270,תל אביב -יפו,TEL AVIV - YAFO,1608,180181.2827,663793.177
1271,תל אביב -יפו,TEL AVIV - YAFO,1607,180431.3058,664206.5091
1272,תל אביב -יפו,TEL AVIV - YAFO,1418,180010.7584,664991.4709
1273,תל אביב -יפו,TEL AVIV - YAFO,1419,179978.7538,665455.0137
1274,תל אביב -יפו,TEL AVIV - YAFO,1605,180188.1595,664744.383
1275,תל אביב -יפו,TEL AVIV - YAFO,1417,180302.0514,665020.3988
1276,תל אביב -יפו,TEL AVIV - YAFO,1416,180332.2485,665311.153
1277,תל אביב -יפו,TEL AVIV - YAFO,1415,180546.7108,665373.2074
1278,תל אביב -יפו,TEL AVIV - YAFO,1910,180675.4297,663670.5232
1279,תל אביב -יפו,TEL AVIV - YAFO,1909,180772.4247,663973.3331
1280,תל אביב -יפו,TEL AVIV - YAFO,1902,180841.62,664267.2671
1281,תל אביב -יפו,TEL AVIV - YAFO,1606,180555.7508,664650.045
1282,תל אביב -יפו,TEL AVIV - YAFO,1601,180767.2809,665071.8218
1283,תל אביב -יפו,TEL AVIV - YAFO,1326,178299.0802,665414.312
1284,תל אביב -יפו,TEL AVIV - YAFO,1324,178490.0619,665691.8823
1285,תל אביב -יפו,TEL AVIV - YAFO,1307,178448.5008,666225.9976
1286,תל אביב -יפו,TEL AVIV - YAFO,1321,178704.3872,665624.376
1287,תל אביב -יפו,TEL AVIV - YAFO,1319,178950.4768,665329.3073
1288,תל אביב -יפו,TEL AVIV - YAFO,1318,178975.2302,665547.3344
1289,תל אביב -יפו,TEL AVIV - YAFO,1308,178689.2114,665937.0429
1290,תל אביב -יפו,TEL AVIV - YAFO,1309,178749.4493,666196.5098
1291,תל אביב -יפו,TEL AVIV - YAFO,1306,178836.7601,666880.5932
1292,תל אביב -יפו,TEL AVIV - YAFO,1305,178863.2489,666485.9309
1293,תל אביב -יפו,TEL AVIV - YAFO,1311,179073.8928,665809.7579
1294,תל אביב -יפו,TEL AVIV - YAFO,1310,179032.4189,666135.6139
1295,תל אביב -יפו,TEL AVIV - YAFO,1304,179092.0058,666449.3144
1296,תל אביב -יפו,TEL AVIV - YAFO,1312,179357.8166,666058.2549
1297,תל אביב -יפו,TEL AVIV - YAFO,1314,179380.8536,665650.8562
1298,תל אביב -יפו,TEL AVIV - YAFO,1303,179137.2483,666931.8508
1299,תל אביב -יפו,TEL AVIV - YAFO,1301,178921.6313,667403.5577
1300,תל אביב -יפו,TEL AVIV - YAFO,1313,179413.4466,666400.4721
1301,תל אביב -יפו,TEL AVIV - YAFO,1302,179486.6148,666834.5508
1302,תל אביב -יפו,TEL AVIV - YAFO,1407,179759.1401,665961.0931
1303,תל אביב -יפו,TEL AVIV - YAFO,1409,180090.6105,665864.4388
1304,תל אביב -יפו,TEL AVIV - YAFO,1410,180163.6838,666280.5575
1305,תל אביב -יפו,TEL AVIV - YAFO,1412,180595.8525,666437.6489
1306,תל אביב -יפו,TEL AVIV - YAFO,1408,179813.2104,666294.0034
1307,תל אביב -יפו,TEL AVIV - YAFO,1406,180023.7069,666628.4139
1308,תל אביב -יפו,TEL AVIV - YAFO,1405,179863.923,666880.9819
1309,תל אביב -יפו,TEL AVIV - YAFO,1411,180543.9457,665761.4517
1310,תל אביב -יפו,TEL AVIV - YAFO,1123,179950.9142,667550.3244
