Aimsun,Ex
18360284,1101
18360285,1102
18360286,1103
18360287,1104
18360288,1105
18360289,1106
18360290,1107
18360291,1108
18360292,1109
18360293,1110
18360294,1111
18360295,1112
18360296,1113
18360297,1114
18360298,1115
18360299,1116
18360300,1117
18360301,1118
18360302,1119
18360303,1120
18360304,1121
18360305,1122
18360306,1123
18360307,1124
18360308,1125
18360309,1126
18360310,1201
18360311,1202
18360312,1203
18360313,1204
18360314,1205
18360315,1206
18360316,1207
18360317,1208
18360318,1209
18360319,1210
18360320,1211
18360321,1212
18360322,1213
18360323,1214
18360324,1215
18360325,1216
18360326,1217
18360327,1218
18360328,1219
18360329,1220
18360330,1301
18360331,1302
18360332,1303
18360333,1304
18360334,1305
18360335,1306
18360336,1307
18360337,1308
18360338,1309
18360339,1310
18360340,1311
18360341,1312
18360342,1313
18360343,1314
18360344,1315
18360345,1316
18360346,1317
18360347,1318
18360348,1319
18360349,1320
18360350,1321
18360351,1322
18360352,1323
18360353,1324
18360354,1325
18360355,1326
18360356,1327
18360357,1328
18360358,1329
18360359,1330
18360360,1401
18360361,1402
18360362,1403
18360363,1404
18360364,1405
18360365,1406
18360366,1407
18360367,1408
18360368,1409
18360369,1410
18360370,1411
18360371,1412
18360372,1413
18360373,1414
18360374,1415
18360375,1416
18360376,1417
18360377,1418
18360378,1419
18360379,1420
18360380,1421
18360381,1501
18360382,1502
18360383,1503
18360384,1504
18360385,1505
18360386,1506
18360387,1507
18360388,1508
18360389,1509
18360390,1510
18360391,1511
18360392,1512
18360393,1513
18360394,1514
18360395,1515
18360396,1516
18360397,1517
18360398,1518
18360399,1519
18360400,1520
18360401,1521
18360402,1522
18360403,1523
18360404,1524
18360405,1525
18360406,1526
18360407,1527
18360408,1601
18360409,1602
18360410,1603
18360411,1604
18360412,1605
18360413,1606
18360414,1607
18360415,1608
18360416,1609
18360417,1610
18360418,1611
18360419,1612
18360420,1613
18360421,1701
18360422,1702
18360423,1703
18360424,1704
18360425,1705
18360426,1706
18360427,1707
18360428,1708
18360429,1709
18360430,1710
18360431,1711
18360432,1712
18360433,1713
18360434,1714
18360435,1715
18360436,1716
18360437,1717
18360438,1718
18360439,1719
18360440,1720
18360441,1721
18360442,1722
18360443,1723
18360444,1724
18360445,1725
18360446,1726
18360447,1727
18360448,1801
18360449,1802
18360450,1803
18360451,1804
18360452,1805
18360453,1806
18360454,1807
18360455,1808
18360456,1809
18360457,1810
18360458,1811
18360459,1812
18360460,1813
18360461,1814
18360462,1815
18360463,1816
18360464,1817
18360465,1818
18360466,1901
18360467,1902
18360468,1903
18360469,1904
18360470,1905
18360471,1906
18360472,1907
18360473,1908
18360474,1909
18360475,1910
18360476,1911
18360477,1912
18360478,1913
18360479,1914
18360480,1915
18360481,1916
18360482,1917
18360483,1918
18360484,1919
18360485,1920
18360486,1921
18360487,1922
18360488,1923
18360489,1924
18360490,1925
18360491,1926
18360492,1927
18360493,1928
18360494,1929
18360495,1930
18360496,1931
18360497,1932
18360498,1933
18360499,1934
18360500,1935
18360501,1936
18360502,1937
18360503,1938
18360504,1939
18360505,2001
18360506,2002
18360507,2003
18360508,2004
18360509,2005
18360510,2006
18360511,2007
18360512,2008
18360513,2009
18360514,2010
18360515,2011
18360516,2012
18360517,2013
18360518,2014
18360519,2015
18360520,2016
18360521,2017
18360522,2018
18360523,2019
18360524,2020
18360525,2021
18360526,2022
18360527,2023
18360528,2024
18360529,2025
18360530,2026
18360531,2027
18360532,2028
18360533,2029
18360534,2030
18360535,2031
18360536,2032
18360537,2033
18360538,2034
18360539,2035
18360540,2036
18360541,2037
18360542,2038
18360543,2039
18360544,2040
18360545,2041
18360546,2042
18360547,2043
18360548,2044
18360549,2045
18360550,2046
18360551,2047
18360552,2048
18360553,2101
18360554,2102
18360555,2103
18360556,2104
18360557,2105
18360558,2106
18360559,2107
18360560,2108
18360561,2109
18360562,2110
18360563,2111
18360564,2112
18360565,2113
18360566,2114
18360567,2115
18360568,2116
18360569,2117
18360570,2118
18360571,2119
18360572,2120
18360573,2121
18360574,2122
18360575,2123
18360576,2124
18360577,2125
18360578,2126
18360579,2127
18360580,2201
18360581,2202
18360582,2203
18360583,2204
18360584,2205
18360585,2206
18360586,2207
18360587,2208
18360588,2209
18360589,2210
18360590,2211
18360591,2212
18360592,2213
18360593,2214
18360594,2215
18360595,2216
18360596,2217
18360597,2218
18360598,2219
18360599,2220
18360600,2221
18360601,2222
18360602,2223
18360603,2224
18360604,2225
18360605,2226
18360606,2227
18360607,2228
18360608,2229
18360609,2230
18360610,2231
18360611,2232
18360612,2233
18360613,2234
18360614,2235
18360615,2236
18360616,2237
18360617,2238
18360618,2239
18360619,2240
18360620,2301
18360621,2302
18360622,2303
18360623,2304
18360624,2305
18360625,2306
18360626,2307
18360627,2308
18360628,2309
18360629,2310
18360630,2311
18360631,2312
18360632,2313
18360633,2314
18360634,2315
18360635,2316
18360636,2317
18360637,2401
18360638,2402
18360639,2403
18360640,2404
18360641,2405
18360642,2406
18360643,2407
18360644,2408
18360645,2409
18360646,2410
18360647,2411
18360648,2412
18360649,2414
18360650,2415
18360651,2416
18360652,2417
18360653,2418
18360654,2419
18360655,2420
18360656,2421
18360657,2422
18360658,2423
18360659,2424
18360660,2425
18360661,2426
18360662,2427
18360663,2428
18360664,2429
18360665,2430
18360666,2431
18360667,2432
18360668,2433
18360669,2434
18360670,2435
18360671,2436
18360672,2437
18360673,2438
18360674,2439
18360675,2440
18360676,2441
18360677,2442
18360678,2443
18360679,2444
18360680,2445
18360681,2446
18360682,2447
18360683,2448
18360684,2449
18360685,2450
18360686,2451
18360687,2452
18360688,2453
18360689,2454
18360690,2455
18360691,2456
18360692,2457
18360693,2458
18360694,2501
18360695,2502
18360696,2503
18360697,2504
18360698,2505
18360699,2506
18360700,2507
18360701,2508
18360702,2509
18360703,2510
18360704,2511
18360705,2601
18360706,2602
18360707,2603
18360708,2604
18360709,2605
18360710,2606
18360711,2607
18360712,2608
18360713,2609
18360714,2610
18360715,2611
18360716,2612
18360717,2613
18360718,2614
18360719,2615
18360720,2616
18360721,2617
18360722,2618
18360723,2701
18360724,2702
18360725,2703
18360726,2704
18360727,2801
18360728,2802
18360729,2803
18360730,2804
18360731,2805
18360732,2806
18360733,2807
18360734,2808
18360735,2809
18360736,2810
18360737,2811
18360738,2812
18360739,2813
18360740,2814
18360741,2815
18360742,2816
18360743,2817
18360744,2818
18360745,2819
18360746,2820
18360747,2821
18360748,2822
18360749,2823
18360750,2824
18360751,2825
18360752,2826
18360753,2827
18360754,2828
18360755,2829
18360756,2830
18360757,2831
18360758,2832
18360759,2833
18360760,2834
18360761,2835
18360762,2836
18360763,2837
18360764,2838
18360765,2839
18360766,2840
18360767,2841
18360768,2842
18360769,2843
18360770,2844
18360771,2845
18360772,2846
18360773,2847
18360774,2848
18360775,2849
18360776,2850
18360777,2851
18360778,2852
18360779,2853
18360780,2854
18360781,2855
18360782,2856
18360783,2857
18360784,2858
18360785,2859
18360786,2860
18360787,2861
18360788,2862
18360789,2863
18360790,2864
18360791,2865
18360792,2866
18360793,2867
18360794,2868
18360795,2869
18360796,2870
18360797,2871
18360798,2872
18360799,2873
18360800,2874
18360801,2901
18360802,2902
18360803,2903
18360804,2904
18360805,2905
18360806,2906
18360807,2907
18360808,2908
18360809,2909
18360810,2910
18360811,2911
18360812,2912
18360813,2913
18360814,2914
18360815,2915
18360816,2916
18360817,2917
18360818,2918
18360819,2919
18360820,2920
18360821,2921
18360822,2922
18360823,2923
18360824,2924
18360825,2925
18360826,2926
18360827,2927
18360828,2928
18360829,2929
18360830,2930
18360831,2931
18360832,2932
18360833,2933
18360834,2934
18360835,2935
18360836,2936
18360837,2937
18360838,2938
18360839,2939
18360840,2940
18360841,2941
18360842,2942
18360843,2943
18360844,3201
18360845,3202
18360846,3203
18360847,3204
18360848,3205
18360849,3301
18360850,3302
18360851,3303
18360852,3304
18360853,3305
18360854,3306
18360855,3307
18360856,3308
18360857,3309
18360858,3310
18360859,3311
18360860,3312
18360861,3313
18360862,3314
18360863,3315
18360864,3316
18360865,3317
18360866,3318
18360867,3319
18360868,3320
18360869,3321
18360870,3322
18360871,3323
18360872,3324
18360873,4001
18360874,4002
18360875,4003
18360876,4004
18360877,4005
18360878,4006
18360879,4007
18360880,4008
18360881,4009
18360882,4010
18360883,4011
18360884,4012
18360885,4013
18360886,4014
18360887,4015
18360888,4016
18360889,4017
18360890,4018
18360891,4019
18360892,4020
18360893,4021
18360894,4022
18360895,4023
18360896,4024
18360897,4025
18360898,4026
18360899,4027
18360900,4028
18360901,4029
18360902,4030
18360903,4031
18360904,4032
18360905,4033
18360906,4034
18360907,4035
18360908,4036
18360909,4037
18360910,4038
18360911,4039
18360912,4040
18360913,4041
18360914,4042
18360915,4043
18360916,4044
18360917,4045
18360918,4046
18360919,4047
18360920,4048
18360921,4049
18360922,4050
18360923,4051
18360924,4052
18360925,4053
18360926,4054
18360927,4055
18360928,4056
18360929,4057
18360930,4058
18360931,4059
18360932,4060
18360933,4061
18360934,4062
18360935,4063
18360936,4064
18360937,4065
18360938,4066
18360939,4067
18360940,4068
18360941,4069
18360942,4070
18360943,4071
18360944,4072
18360945,4073
18360946,4074
18360947,4075
18360948,4101
18360949,4102
18360950,4103
18360951,4104
18360952,4105
18360953,4106
18360954,4201
18360955,4202
18360956,4203
18360957,4204
18360958,4301
18360959,4302
18360960,4401
18360961,4402
18360962,4501
18360963,4502
18360964,4503
18360965,4504
18360966,4505
18360967,4506
18360968,4507
18360969,4508
18360970,4509
18360971,4510
18360972,4601
18360973,4602
18360974,5001
18360975,5002
18360976,5003
18360977,5004
18360978,5005
18360979,5006
18360980,5007
18360981,5008
18360982,5009
18360983,5102
18360984,5103
18360985,5104
18360986,5105
18360987,5106
18360988,5107
18360989,5108
18360990,5109
18360991,5110
18360992,5111
18360993,5112
18360994,5113
18360995,5114
18360996,5115
18360997,5116
18360998,5117
18360999,5118
18361000,5119
18361001,5120
18361002,5121
18361003,5122
18361004,5123
18361005,5201
18361006,5202
18361007,5203
18361008,5204
18361009,5205
18361010,5206
18361011,5207
18361012,5208
18361013,5209
18361014,5210
18361015,5211
18361016,5212
18361017,5213
18361018,5214
18361019,5215
18361020,5216
18361021,5217
18361022,5218
18361023,5219
18361024,5220
18361025,5221
18361026,5222
18361027,5223
18361028,5224
18361029,5301
18361030,5302
18361031,5303
18361032,5304
18361033,5305
18361034,5306
18361035,5307
18361036,5308
18361037,5309
18361038,5310
18361039,5311
18361040,5312
18361041,5313
18361042,5314
18361043,5315
18361044,5316
18361045,5317
18361046,5318
18361047,5319
18361048,5320
18361049,5321
18361050,5322
18361051,5323
18361052,5324
18361053,5325
18361054,5326
18361055,5327
18361056,5328
18361057,5329
18361058,5330
18361059,5331
18361060,5332
18361061,5333
18361062,5334
18361063,5335
18361064,5336
18361065,5337
18361066,5338
18361067,5339
18361068,5340
18361069,5341
18361070,5342
18361071,5343
18361072,5344
18361073,5345
18361074,5346
18361075,5347
18361076,5348
18361077,5349
18361078,5350
18361079,5351
18361080,5352
18361081,5353
18361082,5354
18361083,5355
18361084,5356
18361085,5357
18361086,5360
18361087,5361
18361088,5362
18361089,5363
18361090,5364
18361091,5365
18361092,5366
18361093,5367
18361094,5368
18361095,5369
18361096,5371
18361097,5372
18361098,5373
18361099,5374
18361100,5401
18361101,5402
18361102,5403
18361103,5404
18361104,5405
18361105,5406
18361106,5407
18361107,7006
18361108,7007
18361109,7008
18361110,7009
18361111,7012
18361112,7506
18361113,2413
18361114,3011
18361115,3012
18361116,3010
18361117,3002
18361118,3003
18361119,3009
18361120,3008
18361121,3006
18361122,3005
18361123,3001
18361124,3013
18361125,3023
18361126,3024
18361127,3031
18361128,3029
18361129,3028
18361130,3027
18361131,3026
18361132,3025
18361133,3022
18361134,3014
18361135,3015
18361136,3021
18361137,3020
18361138,3019
18361139,3018
18361140,3017
18361141,3016
18361142,3030
18361143,3113
18361144,3114
18361145,3112
18361146,3111
18361147,3102
18361148,3101
18361149,41
18361150,3135
18361151,3134
18361152,3133
18361153,3132
18361154,3131
18361155,5645
18361156,5644
18361157,5643
18361158,5642
18361159,5641
18361160,5639
18361161,5640
18361162,5633
18361163,5631
18361164,43
18361165,5629
18361166,5630
18361167,5632
18361168,5635
18361169,5634
18361170,5627
18361171,5628
18361172,5626
18361173,5625
18361174,5624
18361175,5623
18361176,5636
18361177,5637
18361178,5638
18361179,5620
18361180,5619
18361181,5608
18361182,5607
18361183,5609
18361184,5610
18361185,5611
18361186,5612
18361187,5613
18361188,5605
18361189,5604
18361190,5606
18361191,5601
18361192,5603
18361193,5516
18361194,5602
18361195,5616
18361196,5617
18361197,5615
18361198,5622
18361199,5621
18361200,5618
18361201,5517
18361202,5513
18361203,5512
18361204,5511
18361205,5510
18361206,5509
18361207,5508
18361208,5514
18361209,5507
18361210,5515
18361211,5502
18361212,5503
18361213,5504
18361214,5505
18361215,5506
18361216,42
18361217,3104
18361218,3105
18361219,3125
18361220,3106
18361221,3107
18361222,3103
18361223,3109
18361224,3004
18361225,3007
18361226,3108
18361227,3110
18361228,3116
18361229,3115
18361230,3130
18361231,3129
18361232,3128
18361233,3126
18361234,3136
18361235,3137
18361236,3122
18361237,3123
18361238,3124
18361239,3121
18361240,3120
18361241,3119
18361242,3127
18361243,3118
18361244,3117
18361245,5501
18361246,5370
18361247,5614
18361249,53
18361250,52
18361251,51
18361252,5101
